,SS_01,SS_02,NSS_01,NSS_02
SS_01,,0.01415,0.00806,0.01438
SS_02,,,0.01127,0.01353
NSS_01,,,,0.00709
NSS_02,,,,
