,SS_01,SS_02,NSS_01,NSS_02
SS_01,,0.20283,0.28605,0.17830
SS_02,,,0.24460,0.23165
NSS_01,,,,0.27423
NSS_02,,,,
