,NSS_02,SS_02,NSS_01,SS_01
NSS_02,,0.23165,0.27423,0.17830
SS_02,,,0.24460,0.20283
NSS_01,,,,0.28605
SS_01,,,,
