,SS_01,SS_02,NSS_01,NSS_02
SS_01,,0.20316,0.29182,0.17222
SS_02,,,0.24260,0.22156
NSS_01,,,,0.26213
NSS_02,,,,
