,SS_01,SS_02,NSS_02,NSS_01
SS_01,,0.20283,0.17830,0.28605
SS_02,,,0.23165,0.24460
NSS_02,,,,0.27423
NSS_01,,,,
